group_id_real,P,T_ms,W_ms,n_subjects,n_trials_real,acc_real,omission_rate_real,SPE_RT_ms_real,group_id_sim,n_trials_sim,acc_sim,omission_rate_sim,SPE_RT_ms_sim,acc_diff_sim_minus_real,omission_rate_diff_sim_minus_real,SPE_RT_ms_diff_sim_minus_real
1,0.0,30.0,300.0,11,2860,0.1486013986013986,0.7230769230769231,2.159234545682466,1,2860,0.00909090909090909,0.990909090909091,1.5750000000000455,-0.1395104895104895,0.2678321678321679,-0.5842345456824205
2,0.0,30.0,600.0,12,3120,0.2618589743589744,0.5243589743589744,20.56987116819846,2,3120,0.03685897435897436,0.47115384615384615,1.5366915422885086,-0.225,-0.05320512820512824,-19.033179625909952
5,8.0,100.0,1100.0,11,2860,0.6832167832167833,0.10944055944055944,-62.494271480156385,3,2860,0.6195804195804195,0.21888111888111889,-12.240509113764801,-0.06363636363636371,0.10944055944055944,50.253762366391584
3,120.0,30.0,600.0,10,2600,0.3253846153846154,0.3861538461538462,21.643589966486786,4,2600,0.08961538461538461,0.4403846153846154,10.706320810972045,-0.2357692307692308,0.054230769230769194,-10.937269155514741
7,120.0,30.0,800.0,12,3120,0.6833333333333333,0.14294871794871794,-14.423044205265569,5,3120,0.4980769230769231,0.36955128205128207,-9.9040372904293,-0.18525641025641026,0.22660256410256413,4.519006914836268
4,120.0,80.0,600.0,11,2860,0.4513986013986014,0.3839160839160839,-3.4117049453072923,6,2860,0.35874125874125873,0.5094405594405594,-4.44078947368439,-0.09265734265734266,0.12552447552447554,-1.0290845283770977
8,120.0,80.0,800.0,11,2860,0.6937062937062937,0.14685314685314685,-11.097415105684036,7,2860,0.7688811188811189,0.22832167832167832,-14.141680943513279,0.07517482517482521,0.08146853146853147,-3.0442658378292435
6,120.0,500.0,1500.0,10,2600,0.8873076923076924,0.05615384615384615,-67.83278192022601,8,2600,0.9553846153846154,0.018846153846153846,-45.24727889721919,0.06807692307692303,-0.037307692307692306,22.585503023006822
