condition_id,source_group_ids,P,T_ms,W_ms,v_self_real,v_self_pred,v_stranger_real,v_stranger_pred,a_real,a_pred,t_real,t_pred,z_real,z_pred,SPE_v_real,SPE_v_pred
1,1,0.0,30.0,300.0,-3.3853675107140777,-3.385345646384233,-3.3624685768355094,-3.3624502251426365,2.0149417461389394,1.7260867198623875,0.2634118122343621,0.27073220793474073,0.748861426687101,0.7488588332350298,-0.02289893387856834,-0.02289542124159638
2,2,0.0,30.0,600.0,-2.5309410341081247,-2.530928242781068,-2.6198594305648983,-2.6198499113380844,1.1804457894582934,1.1545380365860427,0.4360766407306164,0.4305517658596494,0.5532016234247578,0.5532036845862001,0.08891839645677369,0.08892166855701644
3,5,8.0,100.0,1100.0,1.3493437337358145,1.349331236325384,0.6354979776881481,0.6354894319419206,1.3350816408531332,1.5752698030143724,0.3982247871373518,0.39927218636852285,0.45224806462448686,0.4522482112156538,0.7138457560476664,0.7138418043834633
4,3,120.0,30.0,600.0,-1.8927058135663373,-1.8926559872790223,-1.733430140927776,-1.7333943378196839,1.2175526658703222,1.1746728939554272,0.348244637054752,0.3569703024523138,0.5650577857870172,0.5650583415190621,-0.15927567263856135,-0.1592616494593384
5,7,120.0,30.0,800.0,1.204834387296714,1.204824306379295,0.7525932239205108,0.752603934286155,1.0915668016810178,1.372558546638336,0.40497988003871593,0.39296993671876007,0.4970102798494656,0.4970100422456415,0.45224116337620324,0.4522203720931399
6,4,120.0,80.0,600.0,0.6393747622651982,0.6393465134883146,-0.0176174070636728,-0.017625452555324495,1.418698142868963,1.3757945999600991,0.3533327478115391,0.3473002655786253,0.5705471148531849,0.5705448399086518,0.656992169328871,0.656971966043639
7,8,120.0,80.0,800.0,2.814623144030959,2.81460312615154,2.5543414872066847,2.5542957302380973,2.4160854634972533,2.1181738231360185,0.3516796487420364,0.36231160789946854,0.4983615383968596,0.4983637497250484,0.26028165682427407,0.26030739591344254
8,6,120.0,500.0,1500.0,1.8119225249466573,1.811915288181041,1.1661497402917866,1.166141736506844,1.476928401762092,1.654206228977331,0.6631033976838565,0.6554502849045758,0.713927120063179,0.7139263202640802,0.6457727846548706,0.6457735516741969
