level,target,rmse,mae,r
identity,acc,0.15308193986759436,0.13563519813519814,0.9683208289522024
identity,omission_rate,0.1445732364608131,0.11945148601398602,0.9228874390828953
identity,correct_rt_mean_ms,66.76698149057667,55.24836227090393,0.9812385527635951
condition,acc,0.1512100923065856,0.13563519813519814,0.9711391492344023
condition,omission_rate,0.14344736391510568,0.11945148601398603,0.924934274476344
condition,SPE_RT_ms,21.060984915807474,13.998288249693516,0.8433551359312711
