block,reduced_model,full_model,df_diff,F,p,r_sq_reduced,r_sq_full,delta_r_sq,cohen_f2,note
main_effects,null,main_effects,3.0,1.0633829498543537,0.3691372748707427,-2.220446049250313e-16,0.03658840926017115,0.03658840926017137,0.03797796249479849,
two_way,main_effects,two_way,3.0,1.5444805804996011,0.20933853949101588,0.03658840926017115,0.0887165427089337,0.05212813344876255,0.05720298446294816,
three_way,two_way,three_way,0.0,,,0.0887165427089337,0.08871654270893392,2.220446049250313e-16,2.4366140211202114e-16,当前 P/T/W 采样点下三阶项未增加可估计自由度
