block,reduced_model,full_model,df_diff,F,p,r_sq_reduced,r_sq_full,delta_r_sq,cohen_f2,note
main_effects,null,main_effects,3.0,6.654721072930281,0.00043663004304663567,0.0,0.19202927817325466,0.19202927817325466,0.23766860974750995,
two_way,main_effects,two_way,3.0,0.10165080984030708,0.9588490523170056,0.19202927817325466,0.19505975328258363,0.0030304751093289672,0.0037648448089002695,
three_way,two_way,three_way,0.0,,,0.19505975328258363,0.19505975328258363,0.0,0.0,当前 P/T/W 采样点下三阶项未增加可估计自由度
