,RMSE,MAE,r
v_self,2.182855502799818,1.9888741045215999,-0.018611731692709903
v_stranger,2.0224989368959414,1.8366446762829765,0.20711569573442687
a,0.7570305474446197,0.585385211421136,-0.4250998615956349
t,0.12392257583898621,0.09325539622230064,-0.03983471924210838
z,0.09328674544909457,0.06921448808627795,0.367763745981381
SPE_v,1.1381249939488383,0.6420968889548575,-0.05475030104746275
