,RMSE,MAE,r
v_self,2.1828555027998187,1.9888741045216,-0.018611731692710513
v_stranger,2.0792473367176667,1.9496693762034194,0.06652257111694196
a,0.7570305474446197,0.585385211421136,-0.42509986159563473
t,0.13822834072196477,0.103863068960366,-0.33028172560934277
z,0.10542749292531486,0.07521529350346723,0.10633425742416762
SPE_v,1.0696209205048044,0.6489884784015467,0.056279974391303014
