{
  "synthetic_SPE": {
    "SPE_ms_mean": -88.6060260770963,
    "SPE_ms_std": 165.08951866639669,
    "cohens_d": -0.5367150306867525,
    "t_stat": -7.7777397150243575,
    "p_value": 3.326280021482078e-13,
    "n_subjects": 210,
    "power": 0.9999999963024945,
    "BF01": 8.59672657929585e+215,
    "BF10": 1.1632334595919056e-216,
    "interpretation": "decisive_H0"
  }
}