{
  "run_id": "final_test_20260506_100511",
  "timestamp": "2026-05-06 10:05:15",
  "config_summary": {
    "design_space_size": 27,
    "n_subjects": 8,
    "w_gp": 0.5
  },
  "design_summary": {
    "n_conditions": 27,
    "P": {
      "min": 0,
      "max": 120,
      "unique": 3
    },
    "T": {
      "min": 30,
      "max": 500,
      "unique": 3
    },
    "W": {
      "min": 300,
      "max": 1500,
      "unique": 3
    },
    "M": {
      "min": 330,
      "max": 2000,
      "unique": 9
    }
  },
  "synthetic_summary": {
    "n_rows": 3456,
    "mean_rt_ms": 617.4609338881172,
    "omission_rate": 0.3741319444444444
  },
  "effect_analysis": {
    "synthetic_SPE": {
      "SPE_ms_mean": -88.6060260770963,
      "SPE_ms_std": 165.08951866639669,
      "cohens_d": -0.5367150306867525,
      "t_stat": -7.7777397150243575,
      "p_value": 3.326280021482078e-13,
      "n_subjects": 210,
      "power": 0.9999999963024945,
      "BF01": 8.59672657929585e+215,
      "BF10": 1.1632334595919056e-216,
      "interpretation": "decisive_H0"
    }
  },
  "optimization": {
    "n_rounds": 2,
    "uncertainty": {
      "v_gp_mean_std": 1.820099538705982,
      "v_gp_max_std": 2.6746327460812163,
      "a_gp_mean_std": 3.4152085646795314,
      "a_gp_max_std": 3.5514940284937517
    },
    "n_strong_spe_regions": 400,
    "spe_boundaries": {
      "strong": 400,
      "moderate": 0,
      "weak": 0,
      "none": 0
    }
  },
  "model_comparison": {
    "n_conditions": 8,
    "pure_mean_rmse": 0.5336403224725907,
    "hybrid_mean_rmse": 1.2112151704667888,
    "mean_improvement": -0.6775748479941982,
    "hybrid_better_pct": 37.5,
    "improvement_t_stat": -1.011390482783345,
    "improvement_p_value": 0.3455048216123745
  },
  "run_stats": {
    "total_elapsed_s": 3.8,
    "python_version": "3.14.3 (tags/v3.14.3:323c59a, Feb  3 2026, 16:04:56) [MSC v.1944 64 bit (AMD64)]"
  },
  "all_outputs_path": "D:\\GitHub_programe\\GitHub\\Guassion-Process-Experiment-Design\\automation\\logs\\final_test_20260506_100511"
}