P,T,W,label,real_rt_mean,real_acc,n_trials,pure_rt_pred,hybrid_rt_pred,pure_rmse,hybrid_rmse,improvement
0,30,300,self,0.2605494346861066,0.4833948339483395,542,0.03835479379681021,0.2128273087523585,0.22219464088929636,0.04772212593374808,0.17447251495554827
0,30,300,stranger,0.2581553286295212,0.5089463220675944,503,0.33286750241492435,-0.16675504510398736,0.07471217378540318,0.42491037373350854,-0.35019819994810536
0,30,600,self,0.41308962604786864,0.5887600356824264,1121,0.7440669716480952,0.2843912714464572,0.33097734560022657,0.12869835460141144,0.20227899099881513
0,30,600,stranger,0.40603987320574,0.5062200956937799,1045,2.5979232979632987,-0.09519108240988866,2.1918834247575587,0.5012309556156287,1.69065246914193
120,30,600,self,0.3633129682969657,0.5228426395939086,2167,0.33305302127931785,0.5280555223673102,0.030259947017647837,0.16474255407034455,-0.1344826070526967
120,30,600,stranger,0.3629741889960728,0.48020257826887663,2172,0.8329243768742448,-0.41475491710953877,0.469950187878172,0.7777291061056115,-0.3077789182274395
120,500,1500,self,0.9255152039233295,0.9248670212765957,1504,0.2809874491753032,6.188008443395921,0.6445277547480264,5.262493239472591,-4.617965484724564
120,500,1500,stranger,1.015522246873115,0.8946675444371297,1519,0.7109051417687201,3.397716901074583,0.304617105104395,2.382194654201468,-2.077577549097073
