model,rmse,r2
GP,0.0002837194576849675,0.9999999999972322
Sigmoid,375.59885751591423,-3.850728411006865
