group_id,n_trials,n_subjects,n_omission,omission_rate,acc_mean,rt_mean,rt_sd
1,2860,11,2068,0.7230769230769231,0.1486013986013986,0.31067467279743793,0.03521496361629526
2,3120,12,1636,0.5243589743589744,0.2618589743589744,0.5306852473079581,0.14013002198820435
3,2600,10,1004,0.3861538461538462,0.3253846153846154,0.47844242296144296,0.1585385983806189
4,2860,11,1098,0.3839160839160839,0.4513986013986014,0.5731217153494499,0.12301707088144627
5,2860,11,313,0.10944055944055944,0.6832167832167833,0.7551160449648634,0.24258524507090073
6,2600,10,146,0.05615384615384615,0.8873076923076924,0.9734627024613538,0.3439947675350053
7,3120,12,446,0.14294871794871794,0.6833333333333333,0.6358563692637605,0.1666951987043033
8,2860,11,420,0.14685314685314685,0.6937062937062937,0.651812446014232,0.15652458420384155
