{
  "synthetic_SPE": {
    "SPE_ms_mean": -227.00016840882213,
    "SPE_ms_std": 272.8047150206342,
    "cohens_d": -0.8320976724748048,
    "t_stat": -11.913825581662989,
    "p_value": 3.478217251177915e-25,
    "n_subjects": 205,
    "power": NaN,
    "BF01": 4.137001489455283e+208,
    "BF10": 2.417209668763425e-209,
    "interpretation": "decisive_H0"
  }
}