group_id,P,T_ms,W_ms,M_ms,n_subjects,n_total_trials,n_omission,omission_rate,n_drop_trials,n_censor_trials,drop_acc
1,0,30,300,330,11,2860,2069,72.34265734265735,791,2860,0.6675094816687737
2,0,30,600,630,12,3120,1623,52.019230769230774,1497,3120,0.6466265865063461
3,120,30,600,630,10,2600,951,36.57692307692308,1649,2600,0.553668890236507
4,120,80,600,680,11,2860,1011,35.349650349650354,1849,2860,0.7447268793942672
5,8,100,1100,1200,11,2860,280,9.79020979020979,2580,2860,0.796124031007752
6,120,500,1500,2000,10,2600,173,6.653846153846153,2427,2600,0.934487021013597
7,120,30,800,830,12,3120,418,13.397435897435898,2702,3120,0.8023686158401184
8,120,80,800,880,11,2860,392,13.706293706293707,2468,2860,0.8184764991896273
