model,rmse,r2
GP,0.00019459213812438812,0.9999999930120381
Sigmoid,15.205149133763456,-41.66593936670168
