,sum_sq,df,F,PR(>F),eta_sq,partial_eta_sq
C(DesignCell),19.937763638605293,7.0,108.66759116972275,1.1350707689609174e-80,0.6862626177050742,0.7038882630722765
C(Matching),0.07080436390531722,1.0,2.7013550097956025,0.10124510847360987,0.002437103227792338,0.008371068072253997
C(Identity),0.38176590236685115,1.0,14.565277845118603,0.00016251448310812596,0.013140474140315475,0.04353493566018334
C(DesignCell):C(Matching),0.08362171642460134,7.0,0.4557667879934166,0.8659743986004054,0.0028782795829428677,0.009871480825604828
C(DesignCell):C(Identity),0.1608618993186302,7.0,0.8767520483638769,0.5250633477720872,0.005536905247570465,0.018818040774930715
C(Matching):C(Identity),0.0002301304464769563,1.0,0.008780024283931733,0.9254046936056355,7.921145293703622e-06,2.74368230873711e-05
C(DesignCell):C(Matching):C(Identity),0.030206618701811405,7.0,0.164636342932279,0.9918329815572746,0.0010397190777297351,0.003588496319223726
Residual,8.387419042495965,320.0,,,0.2886969798732811,
