,sum_sq,df,F,PR(>F),eta_sq,partial_eta_sq
C(DesignCell),52579.6384139488,7.0,2.79151377267473,0.0119045269484911,0.1963078092127113,0.1963078092127113
Residual,215263.18773147266,80.0,,,0.8036921907872886,
