,sum_sq,df,F,PR(>F),eta_sq,partial_eta_sq
C(DesignCell),11926538.629175995,7.0,228.41632154080364,2.1822531848774597e-120,0.8284904500133666,0.833239030942113
C(Matching),340.30172871656316,1.0,0.04562206190158373,0.8310003123267424,2.3639443188907114e-05,0.00014254862043624436
C(Identity),19229.808155838815,1.0,2.578016577670585,0.10934370940169416,0.0013358203002611104,0.007991916513783413
C(DesignCell):C(Matching),575.1635354429927,7.0,0.011015496040813047,0.9999990359183545,3.9954383340086214e-05,0.00024090592624298175
C(DesignCell):C(Identity),59127.71475723337,7.0,1.1324102932029199,0.3422863895443584,0.0041073733570648535,0.024172682167850203
C(Matching):C(Identity),309.03898719374695,1.0,0.04143086741560134,0.8388378751946346,2.1467741608238266e-05,0.0001294546999846561
C(DesignCell):C(Matching):C(Identity),2457.122693212746,7.0,0.047058660069662195,0.9998593949480605,0.00017068679766465741,0.0010283495975269867
Residual,2386927.4787319503,320.0,,,0.1658106079635054,
