version,n_rows,n_design_points,mean_rt_ms,self_rt_ms,stranger_rt_ms,spe_ms,spe_sd,accuracy_rate,valid_rate
v1,243,5,701.132582191694,550.1598517908242,913.3912724582635,-313.5147017670764,285.4048197279621,0.9876543209876543,1.0
v2.4.x,120000,1919,562.9002745808261,521.5200540892957,626.2408427277768,-72.1766177875095,90.54504711745112,0.5012416666666667,1.0
v2.5,120000,2000,721.7354667707051,522.3673917707051,921.1035417707051,-398.73615,228.03624931456844,0.770375,0.7354416666666667
real,26616,6,562.9679826482699,550.5687713022916,575.7448651396949,-19.270199688400755,37.73506171623466,0.42974150886684703,1.0
