model,rmse,r2
GP,70.00658871930094,0.9048643294305395
Sigmoid,97.58296554393279,0.815152502116071
