Mean_SPE_ms,SD_SPE_ms,Cohens_d,N_subjects
-200.6228010214261,196.326279199834,-1.0218845986339853,2000
