model,rmse,r2
GP,55.851405246054064,0.6426075579035437
Sigmoid,61.39756119624039,0.568103786904355
