group_id,P,T_ms,W_ms,v_self_real,v_self_pred,v_stranger_real,v_stranger_pred,a_real,a_pred,t_real,t_pred,z_real,z_pred,SPE_v_real,SPE_v_pred
1.0,0.0,30.0,300.0,-3.3853675107140777,-2.354653205634241,-3.3624685768355094,-2.4863739803865146,2.0149417461389394,1.386571833350368,0.2634118122343621,0.2797052861791352,0.7488614266871009,0.7488433068909286,-0.02289893387856834,0.1317207747522735
2.0,0.0,30.0,600.0,-2.5309410341081247,-1.7978979433856186,-2.6198594305648983,-2.0682192659780236,1.1804457894582934,1.1185216380761747,0.4360766407306164,0.4233242057889362,0.5532016234247578,0.5532127449149314,0.08891839645677369,0.27032132259240504
3.0,120.0,30.0,600.0,-1.8927058135663373,-1.2726361626611364,-1.733430140927776,-0.8218711390441776,1.2175526658703222,1.1185204482829416,0.348244637054752,0.3516454584388772,0.5650577857870172,0.565060055828912,-0.15927567263856135,-0.4507650236169588
4.0,120.0,80.0,600.0,0.6393747622651982,0.4425992241348995,-0.0176174070636728,-0.15036513869135165,1.418698142868963,1.3179150645433806,0.3533327478115391,0.35555900545926356,0.5705471148531849,0.5705347795169787,0.656992169328871,0.5929643628262511
5.0,8.0,100.0,1100.0,1.3493437337358145,0.8225112206260818,0.6354979776881481,0.25589838441911367,1.3350816408531332,1.8487083407130425,0.3982247871373518,0.400937331740659,0.4522480646244868,0.45225420712554704,0.7138457560476664,0.5666128362069682
6.0,120.0,500.0,1500.0,1.8119225249466573,1.5000820870028857,1.1661497402917866,0.8017044330024892,1.476928401762092,1.8529756755046038,0.6631033976838565,0.6470410606551102,0.713927120063179,0.7139181089528617,0.6457727846548706,0.6983776540003965
7.0,120.0,80.0,800.0,1.204834387296714,1.6015282099469124,0.7525932239205108,1.0894767332859268,1.0915668016810178,1.7540473731786148,0.404979880038716,0.3769415533495755,0.4970102798494656,0.4976925092336808,0.45224116337620324,0.5120514766609856
8.0,120.0,80.0,800.0,2.814623144030959,1.6015282099469124,2.5543414872066847,1.0894767332859268,2.4160854634972533,1.7540473731786148,0.3516796487420364,0.3769415533495755,0.4983615383968596,0.4976925092336808,0.26028165682427407,0.5120514766609856
