group_id,P,T_ms,W_ms,v_self_real,v_self_pred,v_stranger_real,v_stranger_pred,a_real,a_pred,t_real,t_pred,z_real,z_pred,SPE_v_real,SPE_v_pred
1.0,0.0,30.0,300.0,-3.3853675107140777,-2.35465320563424,-3.3624685768355094,-2.592919000731727,2.0149417461389394,1.3865718333503683,0.2634118122343621,0.2797052861791352,0.7488614266871009,0.7488433068909286,-0.02289893387856834,0.2382657950974867
2.0,0.0,30.0,600.0,-2.5309410341081247,-1.7978979433856177,-2.6198594305648983,-2.174764286323236,1.1804457894582934,1.1185216380761747,0.4360766407306164,0.4233242057889362,0.5532016234247578,0.5532127449149314,0.08891839645677369,0.3768663429376182
3.0,120.0,30.0,600.0,-1.8927058135663373,-1.272636162661136,-1.733430140927776,-1.0865612882281497,1.2175526658703222,1.1185204482829416,0.348244637054752,0.3516454584388772,0.5650577857870172,0.5650600558289134,-0.15927567263856135,-0.18607487443298631
4.0,120.0,80.0,600.0,0.6393747622651982,0.4425992241348994,-0.0176174070636728,-0.5094673549885189,1.418698142868963,1.3179150645433806,0.3533327478115391,0.3555590054592636,0.5705471148531849,0.5705347795169787,0.656992169328871,0.9520665791234183
5.0,8.0,100.0,1100.0,1.3493437337358145,0.8225112206260816,0.6354979776881481,0.01638567391506407,1.3350816408531332,1.8487083407130425,0.3982247871373518,0.400937331740659,0.4522480646244868,0.45225420712554704,0.7138457560476664,0.8061255467110175
6.0,120.0,500.0,1500.0,1.8119225249466573,1.5000820870028855,1.1661497402917866,0.018341570565768683,1.476928401762092,1.8529756755046038,0.6631033976838565,0.6470410606551104,0.713927120063179,0.7139181089528617,0.6457727846548706,1.481740516437117
7.0,120.0,80.0,800.0,1.204834387296714,1.601528209946912,0.7525932239205108,0.7303745169887594,1.0915668016810178,1.7540473731786148,0.404979880038716,0.37694155334957546,0.4970102798494656,0.4976925092336794,0.45224116337620324,0.8711536929581525
8.0,120.0,80.0,800.0,2.814623144030959,1.601528209946912,2.5543414872066847,0.7303745169887594,2.4160854634972533,1.7540473731786148,0.3516796487420364,0.37694155334957546,0.4983615383968596,0.4976925092336794,0.26028165682427407,0.8711536929581525
