rank,P,T_ms,W_ms,M_ms,total_unc
1,42,500,300,800,2.5825438932167653
2,51,500,300,800,2.582543889274822
3,42,500,385,885,2.582543884135821
4,34,500,300,800,2.582543883370646
5,34,500,385,885,2.5825438743146805
6,51,500,385,885,2.5825438730407266
7,25,500,300,800,2.5825438660739923
8,60,500,300,800,2.5825438600055888
9,42,500,471,971,2.582543858024238
10,25,500,385,885,2.582543854708816
11,34,500,471,971,2.5825438473784783
12,17,500,300,800,2.5825438468601565
